{"inner_loss_pre_adapt_val": 0.3146493673324585, "inner_loss_post_adapt_val": 0.2510515183210373, "nrmse_pre_adapt_val": 168.94432067871094, "nrmse_post_adapt_val": 4.668062686920166, "ep": 13, "_timestamp": 1670561523.1151772, "_runtime": 62.35761523246765, "_step": 13, "inner_loss_pre_adapt": 0.31257578879594805, "inner_loss_post_adapt": 0.2479437731206417, "_wandb": {"runtime": 66}}