{"inner_loss_pre_adapt_val": 0.7417437434196472, "inner_loss_post_adapt_val": 0.04498033970594406, "nrmse_pre_adapt": 0.7450302839279175, "nrmse_post_adapt": 0.2543778717517853, "ep": 99, "_timestamp": 1670561960.820818, "_runtime": 413.63003492355347, "_step": 99, "inner_loss_pre_adapt": 0.8766850799322128, "inner_loss_post_adapt": 0.03062488017603755, "_wandb": {"runtime": 416}}